samplename	antibody	biological_material	replicate	label	orig_filename
SRR580337	CP190antibodyrabbit	s2cell	1	SRX191907	/data/MiegNCBI/ncbi_remap/prealn-wf/output/samples/SRX191907/SRR580337/SRR580337_1.fastq.gz
SRR580338	CP190antibodyrabbit	s2cell	1	SRX191908	/data/MiegNCBI/ncbi_remap/prealn-wf/output/samples/SRX191908/SRR580338/SRR580338_1.fastq.gz
SRR580339	SuHwantibody406rabbit	s2cell	1	SRX191909	/data/MiegNCBI/ncbi_remap/prealn-wf/output/samples/SRX191909/SRR580339/SRR580339_1.fastq.gz
SRR580340	SuHwantibody406rabbit	s2cell	1	SRX191910	/data/MiegNCBI/ncbi_remap/prealn-wf/output/samples/SRX191910/SRR580340/SRR580340_1.fastq.gz
SRR580341	Modmdg42.2antibodyrabbit	s2cell	1	SRX191911	/data/MiegNCBI/ncbi_remap/prealn-wf/output/samples/SRX191911/SRR580341/SRR580341_1.fastq.gz
SRR580342	Modmdg42.2antibodyrabbit	s2cell	1	SRX191912	/data/MiegNCBI/ncbi_remap/prealn-wf/output/samples/SRX191912/SRR580342/SRR580342_1.fastq.gz
SRR585043	input	s2cell	1	SRX193310	/data/MiegNCBI/ncbi_remap/prealn-wf/output/samples/SRX193310/SRR585043/SRR585043_1.fastq.gz
SRR585047	rb-Trr570AliShilatifard	s2cell	1	SRX193314	/data/MiegNCBI/ncbi_remap/prealn-wf/output/samples/SRX193314/SRR585047/SRR585047_1.fastq.gz
SRR585048	rb-dUTX663AliShilatifard	s2cell	1	SRX193315	/data/MiegNCBI/ncbi_remap/prealn-wf/output/samples/SRX193315/SRR585048/SRR585048_1.fastq.gz
SRR585049	rb-LPT470AliShilatifard	s2cell	1	SRX193316	/data/MiegNCBI/ncbi_remap/prealn-wf/output/samples/SRX193316/SRR585049/SRR585049_1.fastq.gz
SRR585050	rb-Rpb1828829AliShilatifard	s2cell	1	SRX193317	/data/MiegNCBI/ncbi_remap/prealn-wf/output/samples/SRX193317/SRR585050/SRR585050_1.fastq.gz
SRR585060	input	s2cell	1	SRX193327	/data/MiegNCBI/ncbi_remap/prealn-wf/output/samples/SRX193327/SRR585060/SRR585060_1.fastq.gz
SRR585063	rb-dUTX663AliShilatifard	s2cell	1	SRX193330	/data/MiegNCBI/ncbi_remap/prealn-wf/output/samples/SRX193330/SRR585063/SRR585063_1.fastq.gz
SRR585064	rb-LPT470AliShilatifard	s2cell	1	SRX193331	/data/MiegNCBI/ncbi_remap/prealn-wf/output/samples/SRX193331/SRR585064/SRR585064_1.fastq.gz
SRR833686	anti-Yki	s2cell	1	SRX271403	/data/MiegNCBI/ncbi_remap/prealn-wf/output/samples/SRX271403/SRR833686/SRR833686_1.fastq.gz
SRR833687	anti-Yki	s2cell	1	SRX271404	/data/MiegNCBI/ncbi_remap/prealn-wf/output/samples/SRX271404/SRR833687/SRR833687_1.fastq.gz
SRR833688	input	s2cell	1	SRX271405	/data/MiegNCBI/ncbi_remap/prealn-wf/output/samples/SRX271405/SRR833688/SRR833688_1.fastq.gz
SRR837790	input	s2cell	1	SRX273673	/data/MiegNCBI/ncbi_remap/prealn-wf/output/samples/SRX273673/SRR837790/SRR837790_1.fastq.gz
SRR837791	CP190	s2cell	1	SRX273674	/data/MiegNCBI/ncbi_remap/prealn-wf/output/samples/SRX273674/SRR837791/SRR837791_1.fastq.gz
SRR837792	CG8436	s2cell	1	SRX273675	/data/MiegNCBI/ncbi_remap/prealn-wf/output/samples/SRX273675/SRR837792/SRR837792_1.fastq.gz
SRR837793	CG9740	s2cell	1	SRX273676	/data/MiegNCBI/ncbi_remap/prealn-wf/output/samples/SRX273676/SRR837793/SRR837793_1.fastq.gz
SRR901293	anti-Ice1CG13550aa1-192Smithetal.MolCell.2011Dec23446954-65	s2cell	1	SRX306190	/data/MiegNCBI/ncbi_remap/prealn-wf/output/samples/SRX306190/SRR901293/SRR901293_1.fastq.gz
SRR901294	DrosophilaRpb1antibodySmithetal.MolCell.2011Dec23446954-65	s2cell	1	SRX306191	/data/MiegNCBI/ncbi_remap/prealn-wf/output/samples/SRX306191/SRR901294/SRR901294_1.fastq.gz
SRR901295	input	s2cell	1	SRX306192	/data/MiegNCBI/ncbi_remap/prealn-wf/output/samples/SRX306192/SRR901295/SRR901295_1.fastq.gz
SRR901296	anti-Ice1CG13550aa1-192Smithetal.MolCell.2011Dec23446954-65	s2cell	1	SRX306193	/data/MiegNCBI/ncbi_remap/prealn-wf/output/samples/SRX306193/SRR901296/SRR901296_1.fastq.gz
SRR901297	DrosophilaRpb1antibodySmithetal.MolCell.2011Dec23446954-65	s2cell	1	SRX306194	/data/MiegNCBI/ncbi_remap/prealn-wf/output/samples/SRX306194/SRR901297/SRR901297_1.fastq.gz
SRR901298	input	s2cell	1	SRX306195	/data/MiegNCBI/ncbi_remap/prealn-wf/output/samples/SRX306195/SRR901298/SRR901298_1.fastq.gz
SRR901299	anti-Ice1CG13550aa1-192Smithetal.MolCell.2011Dec23446954-65	s2cell	1	SRX306196	/data/MiegNCBI/ncbi_remap/prealn-wf/output/samples/SRX306196/SRR901299/SRR901299_1.fastq.gz
SRR901300	DrosophilaRpb1antibodySmithetal.MolCell.2011Dec23446954-65	s2cell	1	SRX306197	/data/MiegNCBI/ncbi_remap/prealn-wf/output/samples/SRX306197/SRR901300/SRR901300_1.fastq.gz
SRR901301	input	s2cell	1	SRX306198	/data/MiegNCBI/ncbi_remap/prealn-wf/output/samples/SRX306198/SRR901301/SRR901301_1.fastq.gz
SRR901302	DrosophilaRpb1antibodySmithetal.MolCell.2011Dec23446954-65	s2cell	1	SRX306199	/data/MiegNCBI/ncbi_remap/prealn-wf/output/samples/SRX306199/SRR901302/SRR901302_1.fastq.gz
SRR901303	input	s2cell	1	SRX306200	/data/MiegNCBI/ncbi_remap/prealn-wf/output/samples/SRX306200/SRR901303/SRR901303_1.fastq.gz
SRR901304	DrosophilaRpb1antibodySmithetal.MolCell.2011Dec23446954-65	s2cell	1	SRX306201	/data/MiegNCBI/ncbi_remap/prealn-wf/output/samples/SRX306201/SRR901304/SRR901304_1.fastq.gz
SRR901305	input	s2cell	1	SRX306202	/data/MiegNCBI/ncbi_remap/prealn-wf/output/samples/SRX306202/SRR901305/SRR901305_1.fastq.gz
SRR942038	rabbitaWOC	s2cell	1	SRX326965	/data/MiegNCBI/ncbi_remap/prealn-wf/output/samples/SRX326965/SRR942038/SRR942038_1.fastq.gz
SRR942039	rabbitaROW	s2cell	1	SRX326966	/data/MiegNCBI/ncbi_remap/prealn-wf/output/samples/SRX326966/SRR942039/SRR942039_1.fastq.gz
SRR942040	guineapigaZ4	s2cell	1	SRX326967	/data/MiegNCBI/ncbi_remap/prealn-wf/output/samples/SRX326967/SRR942040/SRR942040_1.fastq.gz
SRR942041	input	s2cell	1	SRX326968	/data/MiegNCBI/ncbi_remap/prealn-wf/output/samples/SRX326968/SRR942041/SRR942041_1.fastq.gz
SRR942042	InputforHP1cDsk2	s2cell	1	SRX326969	/data/MiegNCBI/ncbi_remap/prealn-wf/output/samples/SRX326969/SRR942042/SRR942042_1.fastq.gz
SRR942043	rabbitaHP1c	s2cell	1	SRX326970	/data/MiegNCBI/ncbi_remap/prealn-wf/output/samples/SRX326970/SRR942043/SRR942043_1.fastq.gz
SRR942044	rabbitaDsk2	s2cell	1	SRX326971	/data/MiegNCBI/ncbi_remap/prealn-wf/output/samples/SRX326971/SRR942044/SRR942044_1.fastq.gz
SRR946215	anti-EcRmonoclonalantibodyDDA2.7developedbyC.ThummelinD.Hognesslaboratory	s2cell	1	SRX330269	/data/MiegNCBI/ncbi_remap/prealn-wf/output/samples/SRX330269/SRR946215/SRR946215_1.fastq.gz
SRR946214	anti-EcRmonoclonalantibodyDDA2.7developedbyC.ThummelinD.Hognesslaboratory	s2cell	1	SRX330269	/data/MiegNCBI/ncbi_remap/prealn-wf/output/samples/SRX330269/SRR946214/SRR946214_1.fastq.gz
SRR946216	anti-EcRmonoclonalantibodyDDA2.7developedbyC.ThummelinD.Hognesslaboratory	s2cell	1	SRX330270	/data/MiegNCBI/ncbi_remap/prealn-wf/output/samples/SRX330270/SRR946216/SRR946216_1.fastq.gz
SRR946217	anti-EcRmonoclonalantibodyDDA2.7developedbyC.ThummelinD.Hognesslaboratory	s2cell	1	SRX330270	/data/MiegNCBI/ncbi_remap/prealn-wf/output/samples/SRX330270/SRR946217/SRR946217_1.fastq.gz
SRR946218	input	s2cell	1	SRX330271	/data/MiegNCBI/ncbi_remap/prealn-wf/output/samples/SRX330271/SRR946218/SRR946218_1.fastq.gz
SRR1198772	input	s2cell	1	SRX495267	/data/MiegNCBI/ncbi_remap/prealn-wf/output/samples/SRX495267/SRR1198772/SRR1198772_1.fastq.gz
SRR1198773	input	s2cell	1	SRX495268	/data/MiegNCBI/ncbi_remap/prealn-wf/output/samples/SRX495268/SRR1198773/SRR1198773_1.fastq.gz
SRR1198774	KW3-CG8478-D1	s2cell	1	SRX495269	/data/MiegNCBI/ncbi_remap/prealn-wf/output/samples/SRX495269/SRR1198774/SRR1198774_1.fastq.gz
SRR1198775	KW3-CG8478-D1	s2cell	1	SRX495270	/data/MiegNCBI/ncbi_remap/prealn-wf/output/samples/SRX495270/SRR1198775/SRR1198775_1.fastq.gz
SRR1002328	input	s2cell	1	SRX359796	/data/MiegNCBI/ncbi_remap/prealn-wf/output/samples/SRX359796/SRR1002328/SRR1002328_1.fastq.gz
SRR1002329	MousemonoclonaltoAgo2giftfromM.Siomi	s2cell	1	SRX359797	/data/MiegNCBI/ncbi_remap/prealn-wf/output/samples/SRX359797/SRR1002329/SRR1002329_1.fastq.gz
SRR1002330	MousemonoclonaltoAgo2giftfromM.Siomi	s2cell	1	SRX359798	/data/MiegNCBI/ncbi_remap/prealn-wf/output/samples/SRX359798/SRR1002330/SRR1002330_1.fastq.gz
SRR1041448	CP190	s2cell	1	SRX385807	/data/MiegNCBI/ncbi_remap/prealn-wf/output/samples/SRX385807/SRR1041448/SRR1041448_1.fastq.gz
SRR1041449	CP190	s2cell	1	SRX385808	/data/MiegNCBI/ncbi_remap/prealn-wf/output/samples/SRX385808/SRR1041449/SRR1041449_1.fastq.gz
SRR1041450	input	s2cell	1	SRX385809	/data/MiegNCBI/ncbi_remap/prealn-wf/output/samples/SRX385809/SRR1041450/SRR1041450_1.fastq.gz
SRR1041451	CP190	s2cell	1	SRX385810	/data/MiegNCBI/ncbi_remap/prealn-wf/output/samples/SRX385810/SRR1041451/SRR1041451_1.fastq.gz
SRR1042411	anti-Beaf32	s2cell	1	SRX386677	/data/MiegNCBI/ncbi_remap/prealn-wf/output/samples/SRX386677/SRR1042411/SRR1042411_1.fastq.gz
SRR1042412	input	s2cell	1	SRX386678	/data/MiegNCBI/ncbi_remap/prealn-wf/output/samples/SRX386678/SRR1042412/SRR1042412_1.fastq.gz
SRR1199486	input	s2cell	1	SRX495788	/data/MiegNCBI/ncbi_remap/prealn-wf/output/samples/SRX495788/SRR1199486/SRR1199486_1.fastq.gz
SRR1199487	dMyc	s2cell	1	SRX495789	/data/MiegNCBI/ncbi_remap/prealn-wf/output/samples/SRX495789/SRR1199487/SRR1199487_1.fastq.gz
SRR1199488	dMyc	s2cell	1	SRX495790	/data/MiegNCBI/ncbi_remap/prealn-wf/output/samples/SRX495790/SRR1199488/SRR1199488_1.fastq.gz
SRR1141008	anti-Pita	s2cell	1	SRX447392	/data/MiegNCBI/ncbi_remap/prealn-wf/output/samples/SRX447392/SRR1141008/SRR1141008_1.fastq.gz
SRR1141009	anti-ZIPIC	s2cell	1	SRX447393	/data/MiegNCBI/ncbi_remap/prealn-wf/output/samples/SRX447393/SRR1141009/SRR1141009_1.fastq.gz
SRR1141010	input	s2cell	1	SRX447394	/data/MiegNCBI/ncbi_remap/prealn-wf/output/samples/SRX447394/SRR1141010/SRR1141010_1.fastq.gz
SRR1217228	MSL3	s2cell	1	SRX511123	/data/MiegNCBI/ncbi_remap/prealn-wf/output/samples/SRX511123/SRR1217228/SRR1217228_1.fastq.gz
SRR1217229	input	s2cell	1	SRX511124	/data/MiegNCBI/ncbi_remap/prealn-wf/output/samples/SRX511124/SRR1217229/SRR1217229_1.fastq.gz
SRR1217232	CG8290	s2cell	1	SRX511127	/data/MiegNCBI/ncbi_remap/prealn-wf/output/samples/SRX511127/SRR1217232/SRR1217232_1.fastq.gz
SRR1217233	input	s2cell	1	SRX511128	/data/MiegNCBI/ncbi_remap/prealn-wf/output/samples/SRX511128/SRR1217233/SRR1217233_1.fastq.gz
SRR1217234	CG8290	s2cell	1	SRX511129	/data/MiegNCBI/ncbi_remap/prealn-wf/output/samples/SRX511129/SRR1217234/SRR1217234_1.fastq.gz
SRR1217235	input	s2cell	1	SRX511130	/data/MiegNCBI/ncbi_remap/prealn-wf/output/samples/SRX511130/SRR1217235/SRR1217235_1.fastq.gz
SRR1217236	CG3680	s2cell	1	SRX511131	/data/MiegNCBI/ncbi_remap/prealn-wf/output/samples/SRX511131/SRR1217236/SRR1217236_1.fastq.gz
SRR1217237	input	s2cell	1	SRX511132	/data/MiegNCBI/ncbi_remap/prealn-wf/output/samples/SRX511132/SRR1217237/SRR1217237_1.fastq.gz
SRR1217238	CG3680	s2cell	1	SRX511133	/data/MiegNCBI/ncbi_remap/prealn-wf/output/samples/SRX511133/SRR1217238/SRR1217238_1.fastq.gz
SRR1217239	input	s2cell	1	SRX511134	/data/MiegNCBI/ncbi_remap/prealn-wf/output/samples/SRX511134/SRR1217239/SRR1217239_1.fastq.gz
SRR1556383	Streptavidinbiotin-taggedPH	s2cell	1	SRX685461	/data/MiegNCBI/ncbi_remap/prealn-wf/output/samples/SRX685461/SRR1556383/SRR1556383_1.fastq.gz
SRR1556384	Streptavidinbiotin-taggedPH	s2cell	1	SRX685462	/data/MiegNCBI/ncbi_remap/prealn-wf/output/samples/SRX685462/SRR1556384/SRR1556384_1.fastq.gz
SRR1556385	Streptavidinbiotin-taggedPH	s2cell	1	SRX685463	/data/MiegNCBI/ncbi_remap/prealn-wf/output/samples/SRX685463/SRR1556385/SRR1556385_1.fastq.gz
SRR1556386	Streptavidinbiotin-taggedPH	s2cell	1	SRX685464	/data/MiegNCBI/ncbi_remap/prealn-wf/output/samples/SRX685464/SRR1556386/SRR1556386_1.fastq.gz
SRR1556387	input	s2cell	1	SRX685465	/data/MiegNCBI/ncbi_remap/prealn-wf/output/samples/SRX685465/SRR1556387/SRR1556387_1.fastq.gz
SRR1556388	input	s2cell	1	SRX685466	/data/MiegNCBI/ncbi_remap/prealn-wf/output/samples/SRX685466/SRR1556388/SRR1556388_1.fastq.gz
SRR1556389	input	s2cell	1	SRX685467	/data/MiegNCBI/ncbi_remap/prealn-wf/output/samples/SRX685467/SRR1556389/SRR1556389_1.fastq.gz
SRR1556390	input	s2cell	1	SRX685468	/data/MiegNCBI/ncbi_remap/prealn-wf/output/samples/SRX685468/SRR1556390/SRR1556390_1.fastq.gz
SRR1810942	input	s2cell	1	SRX883600	/data/MiegNCBI/ncbi_remap/prealn-wf/output/samples/SRX883600/SRR1810942/SRR1810942_1.fastq.gz
SRR1810943	input	s2cell	1	SRX883601	/data/MiegNCBI/ncbi_remap/prealn-wf/output/samples/SRX883601/SRR1810943/SRR1810943_1.fastq.gz
SRR1810946	dTetKD	s2cell	1	SRX883604	/data/MiegNCBI/ncbi_remap/prealn-wf/output/samples/SRX883604/SRR1810946/SRR1810946_1.fastq.gz
SRR1810947	dTetKD	s2cell	1	SRX883605	/data/MiegNCBI/ncbi_remap/prealn-wf/output/samples/SRX883605/SRR1810947/SRR1810947_1.fastq.gz
SRR1813243	BioTAP-N-Scm	s2cell	1	SRX885698	/data/MiegNCBI/ncbi_remap/prealn-wf/output/samples/SRX885698/SRR1813243/SRR1813243_1.fastq.gz
SRR1813244	input	s2cell	1	SRX885699	/data/MiegNCBI/ncbi_remap/prealn-wf/output/samples/SRX885699/SRR1813244/SRR1813244_1.fastq.gz
SRR1813245	BioTAP-N-Scm	s2cell	1	SRX885700	/data/MiegNCBI/ncbi_remap/prealn-wf/output/samples/SRX885700/SRR1813245/SRR1813245_1.fastq.gz
SRR1813246	input	s2cell	1	SRX885701	/data/MiegNCBI/ncbi_remap/prealn-wf/output/samples/SRX885701/SRR1813246/SRR1813246_1.fastq.gz
SRR1813247	Pc-C-BioTAP	s2cell	1	SRX885702	/data/MiegNCBI/ncbi_remap/prealn-wf/output/samples/SRX885702/SRR1813247/SRR1813247_1.fastq.gz
SRR1813248	input	s2cell	1	SRX885703	/data/MiegNCBI/ncbi_remap/prealn-wf/output/samples/SRX885703/SRR1813248/SRR1813248_1.fastq.gz
SRR1813779	rabbitantiMYST51	s2cell	1	SRX886165	/data/MiegNCBI/ncbi_remap/prealn-wf/output/samples/SRX886165/SRR1813779/SRR1813779_1.fastq.gz
SRR1813780	rabbitantiMYST52	s2cell	1	SRX886166	/data/MiegNCBI/ncbi_remap/prealn-wf/output/samples/SRX886166/SRR1813780/SRR1813780_1.fastq.gz
SRR1813781	input	s2cell	1	SRX886167	/data/MiegNCBI/ncbi_remap/prealn-wf/output/samples/SRX886167/SRR1813781/SRR1813781_1.fastq.gz
SRR1853006	input	s2cell	1	SRX907134	/data/MiegNCBI/ncbi_remap/prealn-wf/output/samples/SRX907134/SRR1853006/SRR1853006_1.fastq.gz
SRR1853007	input	s2cell	1	SRX907135	/data/MiegNCBI/ncbi_remap/prealn-wf/output/samples/SRX907135/SRR1853007/SRR1853007_1.fastq.gz
SRR1853008	Anti-V5antibodyAbcamab9116	s2cell	1	SRX907136	/data/MiegNCBI/ncbi_remap/prealn-wf/output/samples/SRX907136/SRR1853008/SRR1853008_1.fastq.gz
SRR1853009	Anti-V5antibodyAbcamab9116	s2cell	1	SRX907137	/data/MiegNCBI/ncbi_remap/prealn-wf/output/samples/SRX907137/SRR1853009/SRR1853009_1.fastq.gz
SRR2084560	Rpb1homemade	s2cell	1	SRX1078884	/data/MiegNCBI/ncbi_remap/prealn-wf/output/samples/SRX1078884/SRR2084560/SRR2084560_1.fastq.gz
SRR2084561	Rpb1homemade	s2cell	1	SRX1078884	/data/MiegNCBI/ncbi_remap/prealn-wf/output/samples/SRX1078884/SRR2084561/SRR2084561_1.fastq.gz
SRR2084563	Rpb1homemade	s2cell	1	SRX1078884	/data/MiegNCBI/ncbi_remap/prealn-wf/output/samples/SRX1078884/SRR2084563/SRR2084563_1.fastq.gz
SRR2084562	Rpb1homemade	s2cell	1	SRX1078884	/data/MiegNCBI/ncbi_remap/prealn-wf/output/samples/SRX1078884/SRR2084562/SRR2084562_1.fastq.gz
SRR2084564	Rpb1homemade	s2cell	1	SRX1078885	/data/MiegNCBI/ncbi_remap/prealn-wf/output/samples/SRX1078885/SRR2084564/SRR2084564_1.fastq.gz
SRR2084567	Rpb1homemade	s2cell	1	SRX1078885	/data/MiegNCBI/ncbi_remap/prealn-wf/output/samples/SRX1078885/SRR2084567/SRR2084567_1.fastq.gz
SRR2084565	Rpb1homemade	s2cell	1	SRX1078885	/data/MiegNCBI/ncbi_remap/prealn-wf/output/samples/SRX1078885/SRR2084565/SRR2084565_1.fastq.gz
SRR2084566	Rpb1homemade	s2cell	1	SRX1078885	/data/MiegNCBI/ncbi_remap/prealn-wf/output/samples/SRX1078885/SRR2084566/SRR2084566_1.fastq.gz
SRR2084569	input	s2cell	1	SRX1078886	/data/MiegNCBI/ncbi_remap/prealn-wf/output/samples/SRX1078886/SRR2084569/SRR2084569_1.fastq.gz
SRR2084570	input	s2cell	1	SRX1078886	/data/MiegNCBI/ncbi_remap/prealn-wf/output/samples/SRX1078886/SRR2084570/SRR2084570_1.fastq.gz
SRR2084568	input	s2cell	1	SRX1078886	/data/MiegNCBI/ncbi_remap/prealn-wf/output/samples/SRX1078886/SRR2084568/SRR2084568_1.fastq.gz
SRR2084571	input	s2cell	1	SRX1078886	/data/MiegNCBI/ncbi_remap/prealn-wf/output/samples/SRX1078886/SRR2084571/SRR2084571_1.fastq.gz
SRR2084574	input	s2cell	1	SRX1078887	/data/MiegNCBI/ncbi_remap/prealn-wf/output/samples/SRX1078887/SRR2084574/SRR2084574_1.fastq.gz
SRR2084575	input	s2cell	1	SRX1078887	/data/MiegNCBI/ncbi_remap/prealn-wf/output/samples/SRX1078887/SRR2084575/SRR2084575_1.fastq.gz
SRR2084573	input	s2cell	1	SRX1078887	/data/MiegNCBI/ncbi_remap/prealn-wf/output/samples/SRX1078887/SRR2084573/SRR2084573_1.fastq.gz
SRR2084572	input	s2cell	1	SRX1078887	/data/MiegNCBI/ncbi_remap/prealn-wf/output/samples/SRX1078887/SRR2084572/SRR2084572_1.fastq.gz
SRR2173464	Anti-HA-AgaroseantibodySigma	s2cell	1	SRX1158165	/data/MiegNCBI/ncbi_remap/prealn-wf/output/samples/SRX1158165/SRR2173464/SRR2173464_1.fastq.gz
SRR2173465	input	s2cell	1	SRX1158166	/data/MiegNCBI/ncbi_remap/prealn-wf/output/samples/SRX1158166/SRR2173465/SRR2173465_1.fastq.gz
SRR2173466	Anti-HA-AgaroseantibodySigma	s2cell	1	SRX1158167	/data/MiegNCBI/ncbi_remap/prealn-wf/output/samples/SRX1158167/SRR2173466/SRR2173466_1.fastq.gz
SRR2173467	input	s2cell	1	SRX1158168	/data/MiegNCBI/ncbi_remap/prealn-wf/output/samples/SRX1158168/SRR2173467/SRR2173467_1.fastq.gz
SRR2173468	Anti-HA-AgaroseantibodySigma	s2cell	1	SRX1158169	/data/MiegNCBI/ncbi_remap/prealn-wf/output/samples/SRX1158169/SRR2173468/SRR2173468_1.fastq.gz
SRR2173469	input	s2cell	1	SRX1158170	/data/MiegNCBI/ncbi_remap/prealn-wf/output/samples/SRX1158170/SRR2173469/SRR2173469_1.fastq.gz
SRR2173470	Anti-HA-AgaroseantibodySigma	s2cell	1	SRX1158171	/data/MiegNCBI/ncbi_remap/prealn-wf/output/samples/SRX1158171/SRR2173470/SRR2173470_1.fastq.gz
SRR2173471	input	s2cell	1	SRX1158172	/data/MiegNCBI/ncbi_remap/prealn-wf/output/samples/SRX1158172/SRR2173471/SRR2173471_1.fastq.gz
SRR2232432	input	s2cell	1	SRX1179571	/data/MiegNCBI/ncbi_remap/prealn-wf/output/samples/SRX1179571/SRR2232432/SRR2232432_1.fastq.gz
SRR2232433	anti-SMARCAD1ASNAcustom-madeantibodies	s2cell	1	SRX1179572	/data/MiegNCBI/ncbi_remap/prealn-wf/output/samples/SRX1179572/SRR2232433/SRR2232433_1.fastq.gz
SRR2232434	anti-CBPcustom-madeantibodies	s2cell	1	SRX1179573	/data/MiegNCBI/ncbi_remap/prealn-wf/output/samples/SRX1179573/SRR2232434/SRR2232434_1.fastq.gz
SRR2834285	input	s2cell	1	SRX1389383	/data/MiegNCBI/ncbi_remap/prealn-wf/output/samples/SRX1389383/SRR2834285/SRR2834285_1.fastq.gz
SRR2834286	input	s2cell	1	SRX1389383	/data/MiegNCBI/ncbi_remap/prealn-wf/output/samples/SRX1389383/SRR2834286/SRR2834286_1.fastq.gz
SRR2834287	input	s2cell	1	SRX1389383	/data/MiegNCBI/ncbi_remap/prealn-wf/output/samples/SRX1389383/SRR2834287/SRR2834287_1.fastq.gz
SRR2834290	NormalRabbitIgGMillipore12-370	s2cell	1	SRX1389384	/data/MiegNCBI/ncbi_remap/prealn-wf/output/samples/SRX1389384/SRR2834290/SRR2834290_1.fastq.gz
SRR2834288	NormalRabbitIgGMillipore12-370	s2cell	1	SRX1389384	/data/MiegNCBI/ncbi_remap/prealn-wf/output/samples/SRX1389384/SRR2834288/SRR2834288_1.fastq.gz
SRR2834289	NormalRabbitIgGMillipore12-370	s2cell	1	SRX1389384	/data/MiegNCBI/ncbi_remap/prealn-wf/output/samples/SRX1389384/SRR2834289/SRR2834289_1.fastq.gz
SRR2834292	YZ384Longworthlab	s2cell	1	SRX1389385	/data/MiegNCBI/ncbi_remap/prealn-wf/output/samples/SRX1389385/SRR2834292/SRR2834292_1.fastq.gz
SRR2834291	YZ384Longworthlab	s2cell	1	SRX1389385	/data/MiegNCBI/ncbi_remap/prealn-wf/output/samples/SRX1389385/SRR2834291/SRR2834291_1.fastq.gz
SRR2834294	input	s2cell	1	SRX1389386	/data/MiegNCBI/ncbi_remap/prealn-wf/output/samples/SRX1389386/SRR2834294/SRR2834294_1.fastq.gz
SRR2834293	input	s2cell	1	SRX1389386	/data/MiegNCBI/ncbi_remap/prealn-wf/output/samples/SRX1389386/SRR2834293/SRR2834293_1.fastq.gz
SRR2834295	NormalRabbitIgGMillipore12-370	s2cell	1	SRX1389387	/data/MiegNCBI/ncbi_remap/prealn-wf/output/samples/SRX1389387/SRR2834295/SRR2834295_1.fastq.gz
SRR2834296	NormalRabbitIgGMillipore12-370	s2cell	1	SRX1389387	/data/MiegNCBI/ncbi_remap/prealn-wf/output/samples/SRX1389387/SRR2834296/SRR2834296_1.fastq.gz
SRR2834297	YZ384Longworthlab	s2cell	1	SRX1389388	/data/MiegNCBI/ncbi_remap/prealn-wf/output/samples/SRX1389388/SRR2834297/SRR2834297_1.fastq.gz
SRR2834298	YZ384Longworthlab	s2cell	1	SRX1389388	/data/MiegNCBI/ncbi_remap/prealn-wf/output/samples/SRX1389388/SRR2834298/SRR2834298_1.fastq.gz
SRR2919806	input	s2cell	1	SRX1433390	/data/MiegNCBI/ncbi_remap/prealn-wf/output/samples/SRX1433390/SRR2919806/SRR2919806_1.fastq.gz
SRR2919807	input	s2cell	1	SRX1433391	/data/MiegNCBI/ncbi_remap/prealn-wf/output/samples/SRX1433391/SRR2919807/SRR2919807_1.fastq.gz
SRR2919808	input	s2cell	1	SRX1433392	/data/MiegNCBI/ncbi_remap/prealn-wf/output/samples/SRX1433392/SRR2919808/SRR2919808_1.fastq.gz
SRR2919809	input	s2cell	1	SRX1433393	/data/MiegNCBI/ncbi_remap/prealn-wf/output/samples/SRX1433393/SRR2919809/SRR2919809_1.fastq.gz
SRR2919810	input	s2cell	1	SRX1433394	/data/MiegNCBI/ncbi_remap/prealn-wf/output/samples/SRX1433394/SRR2919810/SRR2919810_1.fastq.gz
SRR2919811	input	s2cell	1	SRX1433395	/data/MiegNCBI/ncbi_remap/prealn-wf/output/samples/SRX1433395/SRR2919811/SRR2919811_1.fastq.gz
SRR2919812	MSL2	s2cell	1	SRX1433396	/data/MiegNCBI/ncbi_remap/prealn-wf/output/samples/SRX1433396/SRR2919812/SRR2919812_1.fastq.gz
SRR2919813	MSL2	s2cell	1	SRX1433397	/data/MiegNCBI/ncbi_remap/prealn-wf/output/samples/SRX1433397/SRR2919813/SRR2919813_1.fastq.gz
SRR2919814	MSL2	s2cell	1	SRX1433398	/data/MiegNCBI/ncbi_remap/prealn-wf/output/samples/SRX1433398/SRR2919814/SRR2919814_1.fastq.gz
SRR2919815	MSL2	s2cell	1	SRX1433399	/data/MiegNCBI/ncbi_remap/prealn-wf/output/samples/SRX1433399/SRR2919815/SRR2919815_1.fastq.gz
SRR2919816	MSL2	s2cell	1	SRX1433400	/data/MiegNCBI/ncbi_remap/prealn-wf/output/samples/SRX1433400/SRR2919816/SRR2919816_1.fastq.gz
SRR2919817	MSL2	s2cell	1	SRX1433401	/data/MiegNCBI/ncbi_remap/prealn-wf/output/samples/SRX1433401/SRR2919817/SRR2919817_1.fastq.gz
SRR3671298	Gcn5rabbitpolyclonalantibody5ugIP	s2cell	1	SRX1848135	/data/MiegNCBI/ncbi_remap/prealn-wf/output/samples/SRX1848135/SRR3671298/SRR3671298_1.fastq.gz
SRR3671299	input	s2cell	1	SRX1848136	/data/MiegNCBI/ncbi_remap/prealn-wf/output/samples/SRX1848136/SRR3671299/SRR3671299_1.fastq.gz
SRR4069175	ratanti-HMR2C10RRIDAB2569849	s2cell	1	SRX2055943	/data/MiegNCBI/ncbi_remap/prealn-wf/output/samples/SRX2055943/SRR4069175/SRR4069175_1.fastq.gz
SRR4069176	mouseanti-HP1aC1A9RRIDAB528276	s2cell	1	SRX2055944	/data/MiegNCBI/ncbi_remap/prealn-wf/output/samples/SRX2055944/SRR4069176/SRR4069176_1.fastq.gz
SRR4069177	mouseanti-FLAGSigma-AldrichCatF1804RRIDAB262044	s2cell	1	SRX2055945	/data/MiegNCBI/ncbi_remap/prealn-wf/output/samples/SRX2055945/SRR4069177/SRR4069177_1.fastq.gz
SRR4069178	input	s2cell	1	SRX2055946	/data/MiegNCBI/ncbi_remap/prealn-wf/output/samples/SRX2055946/SRR4069178/SRR4069178_1.fastq.gz
SRR4069179	ratanti-HMR2C10RRIDAB2569849	s2cell	1	SRX2055947	/data/MiegNCBI/ncbi_remap/prealn-wf/output/samples/SRX2055947/SRR4069179/SRR4069179_1.fastq.gz
SRR4069180	mouseanti-HP1aC1A9RRIDAB528276	s2cell	1	SRX2055948	/data/MiegNCBI/ncbi_remap/prealn-wf/output/samples/SRX2055948/SRR4069180/SRR4069180_1.fastq.gz
SRR4069181	mouseanti-FLAGSigma-AldrichCatF1804RRIDAB262044	s2cell	1	SRX2055949	/data/MiegNCBI/ncbi_remap/prealn-wf/output/samples/SRX2055949/SRR4069181/SRR4069181_1.fastq.gz
SRR4069182	input	s2cell	1	SRX2055950	/data/MiegNCBI/ncbi_remap/prealn-wf/output/samples/SRX2055950/SRR4069182/SRR4069182_1.fastq.gz
SRR4069183	ratanti-HMR2C10RRIDAB2569849	s2cell	1	SRX2055951	/data/MiegNCBI/ncbi_remap/prealn-wf/output/samples/SRX2055951/SRR4069183/SRR4069183_1.fastq.gz
SRR4069184	input	s2cell	1	SRX2055952	/data/MiegNCBI/ncbi_remap/prealn-wf/output/samples/SRX2055952/SRR4069184/SRR4069184_1.fastq.gz
SRR4069185	mouseanti-HP1aC1A9RRIDAB528276	s2cell	1	SRX2055953	/data/MiegNCBI/ncbi_remap/prealn-wf/output/samples/SRX2055953/SRR4069185/SRR4069185_1.fastq.gz
SRR4069186	input	s2cell	1	SRX2055954	/data/MiegNCBI/ncbi_remap/prealn-wf/output/samples/SRX2055954/SRR4069186/SRR4069186_1.fastq.gz
SRR4069190	ratanti-HMR2C10RRIDAB2569849	s2cell	1	SRX2055958	/data/MiegNCBI/ncbi_remap/prealn-wf/output/samples/SRX2055958/SRR4069190/SRR4069190_1.fastq.gz
SRR4069193	ratanti-HMR2C10RRIDAB2569849	s2cell	1	SRX2055961	/data/MiegNCBI/ncbi_remap/prealn-wf/output/samples/SRX2055961/SRR4069193/SRR4069193_1.fastq.gz
SRR4069196	ratanti-HMR2C10RRIDAB2569849	s2cell	1	SRX2055964	/data/MiegNCBI/ncbi_remap/prealn-wf/output/samples/SRX2055964/SRR4069196/SRR4069196_1.fastq.gz
SRR4069197	input	s2cell	1	SRX2055965	/data/MiegNCBI/ncbi_remap/prealn-wf/output/samples/SRX2055965/SRR4069197/SRR4069197_1.fastq.gz
SRR4069198	ratanti-HMR2C10RRIDAB2569849	s2cell	1	SRX2055966	/data/MiegNCBI/ncbi_remap/prealn-wf/output/samples/SRX2055966/SRR4069198/SRR4069198_1.fastq.gz
SRR4069199	input	s2cell	1	SRX2055967	/data/MiegNCBI/ncbi_remap/prealn-wf/output/samples/SRX2055967/SRR4069199/SRR4069199_1.fastq.gz
SRR4252435	input	s2cell	1	SRX2172424	/data/MiegNCBI/ncbi_remap/prealn-wf/output/samples/SRX2172424/SRR4252435/SRR4252435_1.fastq.gz
SRR4252436	MLF	s2cell	1	SRX2172425	/data/MiegNCBI/ncbi_remap/prealn-wf/output/samples/SRX2172425/SRR4252436/SRR4252436_1.fastq.gz
SRR4252437	input	s2cell	1	SRX2172426	/data/MiegNCBI/ncbi_remap/prealn-wf/output/samples/SRX2172426/SRR4252437/SRR4252437_1.fastq.gz
SRR4252438	MLF	s2cell	1	SRX2172427	/data/MiegNCBI/ncbi_remap/prealn-wf/output/samples/SRX2172427/SRR4252438/SRR4252438_1.fastq.gz
SRR4252439	DnaJ1	s2cell	1	SRX2172428	/data/MiegNCBI/ncbi_remap/prealn-wf/output/samples/SRX2172428/SRR4252439/SRR4252439_1.fastq.gz
SRR4252440	DnaJ1	s2cell	1	SRX2172429	/data/MiegNCBI/ncbi_remap/prealn-wf/output/samples/SRX2172429/SRR4252440/SRR4252440_1.fastq.gz
SRR4252441	input	s2cell	1	SRX2172430	/data/MiegNCBI/ncbi_remap/prealn-wf/output/samples/SRX2172430/SRR4252441/SRR4252441_1.fastq.gz
SRR039090	input	s2cell	1	SRX018628	/data/MiegNCBI/ncbi_remap/prealn-wf/output/samples/SRX018628/SRR039090/SRR039090_1.fastq.gz
SRR039091	input	s2cell	1	SRX018628	/data/MiegNCBI/ncbi_remap/prealn-wf/output/samples/SRX018628/SRR039091/SRR039091_1.fastq.gz
SRR039092	input	s2cell	1	SRX018628	/data/MiegNCBI/ncbi_remap/prealn-wf/output/samples/SRX018628/SRR039092/SRR039092_1.fastq.gz
SRR039094	20HS_HSF_IP	s2cell	1	SRX018629	/data/MiegNCBI/ncbi_remap/prealn-wf/output/samples/SRX018629/SRR039094/SRR039094_1.fastq.gz
SRR039095	20HS_HSF_IP	s2cell	1	SRX018629	/data/MiegNCBI/ncbi_remap/prealn-wf/output/samples/SRX018629/SRR039095/SRR039095_1.fastq.gz
SRR039093	20HS_HSF_IP	s2cell	1	SRX018629	/data/MiegNCBI/ncbi_remap/prealn-wf/output/samples/SRX018629/SRR039093/SRR039093_1.fastq.gz
SRR039096	20HS_HSF_KD-IP	s2cell	1	SRX018630	/data/MiegNCBI/ncbi_remap/prealn-wf/output/samples/SRX018630/SRR039096/SRR039096_1.fastq.gz
SRR039098	20HS_HSF_KD-IP	s2cell	1	SRX018630	/data/MiegNCBI/ncbi_remap/prealn-wf/output/samples/SRX018630/SRR039098/SRR039098_1.fastq.gz
SRR039097	20HS_HSF_KD-IP	s2cell	1	SRX018630	/data/MiegNCBI/ncbi_remap/prealn-wf/output/samples/SRX018630/SRR039097/SRR039097_1.fastq.gz
SRR039100	NHS_HSF_IP	s2cell	1	SRX018631	/data/MiegNCBI/ncbi_remap/prealn-wf/output/samples/SRX018631/SRR039100/SRR039100_1.fastq.gz
SRR039102	NHS_HSF_IP	s2cell	1	SRX018631	/data/MiegNCBI/ncbi_remap/prealn-wf/output/samples/SRX018631/SRR039102/SRR039102_1.fastq.gz
SRR039101	NHS_HSF_IP	s2cell	1	SRX018631	/data/MiegNCBI/ncbi_remap/prealn-wf/output/samples/SRX018631/SRR039101/SRR039101_1.fastq.gz
SRR039099	NHS_HSF_IP	s2cell	1	SRX018631	/data/MiegNCBI/ncbi_remap/prealn-wf/output/samples/SRX018631/SRR039099/SRR039099_1.fastq.gz
SRR039103	NHS_HSF_KD-IP	s2cell	1	SRX018632	/data/MiegNCBI/ncbi_remap/prealn-wf/output/samples/SRX018632/SRR039103/SRR039103_1.fastq.gz
SRR039104	NHS_HSF_KD-IP	s2cell	1	SRX018632	/data/MiegNCBI/ncbi_remap/prealn-wf/output/samples/SRX018632/SRR039104/SRR039104_1.fastq.gz
SRR037519	dORC2	s2cell	1	SRX017462	/data/MiegNCBI/ncbi_remap/prealn-wf/output/samples/SRX017462/SRR037519/SRR037519_1.fastq.gz
SRR037520	dORC2	s2cell	1	SRX017463	/data/MiegNCBI/ncbi_remap/prealn-wf/output/samples/SRX017463/SRR037520/SRR037520_1.fastq.gz
SRR037521	input	s2cell	1	SRX017464	/data/MiegNCBI/ncbi_remap/prealn-wf/output/samples/SRX017464/SRR037521/SRR037521_1.fastq.gz
SRR059122	anti-AGO2mAb9D6	s2cell	1	SRX022743	/data/MiegNCBI/ncbi_remap/prealn-wf/output/samples/SRX022743/SRR059122/SRR059122_1.fastq.gz
SRR059123	input	s2cell	1	SRX022744	/data/MiegNCBI/ncbi_remap/prealn-wf/output/samples/SRX022744/SRR059123/SRR059123_1.fastq.gz
SRR121539	anti-SuHw	s2cell	1	SRX046654	/data/MiegNCBI/ncbi_remap/prealn-wf/output/samples/SRX046654/SRR121539/SRR121539_1.fastq.gz
SRR121537	anti-SuHw	s2cell	1	SRX046654	/data/MiegNCBI/ncbi_remap/prealn-wf/output/samples/SRX046654/SRR121537/SRR121537_1.fastq.gz
SRR121538	anti-SuHw	s2cell	1	SRX046654	/data/MiegNCBI/ncbi_remap/prealn-wf/output/samples/SRX046654/SRR121538/SRR121538_1.fastq.gz
SRR121533	anti-SuHw	s2cell	1	SRX046654	/data/MiegNCBI/ncbi_remap/prealn-wf/output/samples/SRX046654/SRR121533/SRR121533_1.fastq.gz
SRR121534	anti-SuHw	s2cell	1	SRX046654	/data/MiegNCBI/ncbi_remap/prealn-wf/output/samples/SRX046654/SRR121534/SRR121534_1.fastq.gz
SRR121536	anti-SuHw	s2cell	1	SRX046654	/data/MiegNCBI/ncbi_remap/prealn-wf/output/samples/SRX046654/SRR121536/SRR121536_1.fastq.gz
SRR121535	anti-SuHw	s2cell	1	SRX046654	/data/MiegNCBI/ncbi_remap/prealn-wf/output/samples/SRX046654/SRR121535/SRR121535_1.fastq.gz
SRR121540	anti-SuHw	s2cell	1	SRX046658	/data/MiegNCBI/ncbi_remap/prealn-wf/output/samples/SRX046658/SRR121540/SRR121540_1.fastq.gz
SRR121545	input	s2cell	1	SRX046655	/data/MiegNCBI/ncbi_remap/prealn-wf/output/samples/SRX046655/SRR121545/SRR121545_1.fastq.gz
SRR121541	input	s2cell	1	SRX046655	/data/MiegNCBI/ncbi_remap/prealn-wf/output/samples/SRX046655/SRR121541/SRR121541_1.fastq.gz
SRR121544	input	s2cell	1	SRX046655	/data/MiegNCBI/ncbi_remap/prealn-wf/output/samples/SRX046655/SRR121544/SRR121544_1.fastq.gz
SRR121543	input	s2cell	1	SRX046655	/data/MiegNCBI/ncbi_remap/prealn-wf/output/samples/SRX046655/SRR121543/SRR121543_1.fastq.gz
SRR121542	input	s2cell	1	SRX046655	/data/MiegNCBI/ncbi_remap/prealn-wf/output/samples/SRX046655/SRR121542/SRR121542_1.fastq.gz
SRR121546	input	s2cell	1	SRX046659	/data/MiegNCBI/ncbi_remap/prealn-wf/output/samples/SRX046659/SRR121546/SRR121546_1.fastq.gz
SRR121547	input	s2cell	1	SRX046660	/data/MiegNCBI/ncbi_remap/prealn-wf/output/samples/SRX046660/SRR121547/SRR121547_1.fastq.gz
SRR167348	antiAGO2pAbMuellerPMID16934003	s2cell	1	SRX054533	/data/MiegNCBI/ncbi_remap/prealn-wf/output/samples/SRX054533/SRR167348/SRR167348_1.fastq.gz
SRR167349	input	s2cell	1	SRX054534	/data/MiegNCBI/ncbi_remap/prealn-wf/output/samples/SRX054534/SRR167349/SRR167349_1.fastq.gz
SRR345566	inhouseRabbitanti-ELL-MRaa301-584	s2cell	1	SRX097615	/data/MiegNCBI/ncbi_remap/prealn-wf/output/samples/SRX097615/SRR345566/SRR345566_1.fastq.gz
SRR345567	inhouseRabbitanti-Ice1CG13550aa1-192	s2cell	1	SRX097616	/data/MiegNCBI/ncbi_remap/prealn-wf/output/samples/SRX097616/SRR345567/SRR345567_1.fastq.gz
SRR345568	inhouseGuineaPiganti-Lilli-CTaa1427-1673	s2cell	1	SRX097617	/data/MiegNCBI/ncbi_remap/prealn-wf/output/samples/SRX097617/SRR345568/SRR345568_1.fastq.gz
SRR345569	inhouseDrosophilaRpb1antibodywasraisedinrabbitsagainstthesyntheticpeptideERLMKKVFTDDVIKEMTDSGCconjugatedviacysteinetoKLH	s2cell	1	SRX097618	/data/MiegNCBI/ncbi_remap/prealn-wf/output/samples/SRX097618/SRR345569/SRR345569_1.fastq.gz
SRR345570	input	s2cell	1	SRX097619	/data/MiegNCBI/ncbi_remap/prealn-wf/output/samples/SRX097619/SRR345570/SRR345570_1.fastq.gz
SRR345571	inhouseRabbitanti-ELL-flaa1-1079	s2cell	1	SRX097620	/data/MiegNCBI/ncbi_remap/prealn-wf/output/samples/SRX097620/SRR345571/SRR345571_1.fastq.gz
SRR345572	input	s2cell	1	SRX097621	/data/MiegNCBI/ncbi_remap/prealn-wf/output/samples/SRX097621/SRR345572/SRR345572_1.fastq.gz
SRR360700	roX2	s2cell	1	SRX101814	/data/MiegNCBI/ncbi_remap/prealn-wf/output/samples/SRX101814/SRR360700/SRR360700_1.fastq.gz
SRR360701	input	s2cell	1	SRX101815	/data/MiegNCBI/ncbi_remap/prealn-wf/output/samples/SRX101815/SRR360701/SRR360701_1.fastq.gz
SRR500149	PSCcustommaderabbitpolyclonalantibodythatwasaffinitypurifieddescribedinFrancisetal.2009.PMID19303136	s2cell	1	SRX149189	/data/MiegNCBI/ncbi_remap/prealn-wf/output/samples/SRX149189/SRR500149/SRR500149_1.fastq.gz
SRR500150	PSCcustommaderabbitpolyclonalantibodythatwasaffinitypurifieddescribedinFrancisetal.2009.PMID19303136	s2cell	1	SRX149190	/data/MiegNCBI/ncbi_remap/prealn-wf/output/samples/SRX149190/SRR500150/SRR500150_1.fastq.gz
SRR500151	PSCcustommaderabbitpolyclonalantibodythatwasaffinitypurifieddescribedinFrancisetal.2009.PMID19303136	s2cell	1	SRX149191	/data/MiegNCBI/ncbi_remap/prealn-wf/output/samples/SRX149191/SRR500151/SRR500151_1.fastq.gz
SRR500152	PSCcustommaderabbitpolyclonalantibodythatwasaffinitypurifieddescribedinFrancisetal.2009.PMID19303136H3	s2cell	1	SRX149192	/data/MiegNCBI/ncbi_remap/prealn-wf/output/samples/SRX149192/SRR500152/SRR500152_1.fastq.gz
SRR500153	input	s2cell	1	SRX149193	/data/MiegNCBI/ncbi_remap/prealn-wf/output/samples/SRX149193/SRR500153/SRR500153_1.fastq.gz
SRR500154	input	s2cell	1	SRX149194	/data/MiegNCBI/ncbi_remap/prealn-wf/output/samples/SRX149194/SRR500154/SRR500154_1.fastq.gz
SRR500155	input	s2cell	1	SRX149195	/data/MiegNCBI/ncbi_remap/prealn-wf/output/samples/SRX149195/SRR500155/SRR500155_1.fastq.gz
SRR500156	input	s2cell	1	SRX149196	/data/MiegNCBI/ncbi_remap/prealn-wf/output/samples/SRX149196/SRR500156/SRR500156_1.fastq.gz
SRR500157	control	s2cell	1	SRX149197	/data/MiegNCBI/ncbi_remap/prealn-wf/output/samples/SRX149197/SRR500157/SRR500157_1.fastq.gz
SRR500158	control	s2cell	1	SRX149198	/data/MiegNCBI/ncbi_remap/prealn-wf/output/samples/SRX149198/SRR500158/SRR500158_1.fastq.gz
SRR500159	input	s2cell	1	SRX149199	/data/MiegNCBI/ncbi_remap/prealn-wf/output/samples/SRX149199/SRR500159/SRR500159_1.fastq.gz
SRR500160	input	s2cell	1	SRX149200	/data/MiegNCBI/ncbi_remap/prealn-wf/output/samples/SRX149200/SRR500160/SRR500160_1.fastq.gz
SRR522006	rabbitanti-Dp1	s2cell	1	SRX160144	/data/MiegNCBI/ncbi_remap/prealn-wf/output/samples/SRX160144/SRR522006/SRR522006_1.fastq.gz
SRR522007	rabbitanti-Dp1	s2cell	1	SRX160145	/data/MiegNCBI/ncbi_remap/prealn-wf/output/samples/SRX160145/SRR522007/SRR522007_1.fastq.gz
SRR522008	input	s2cell	1	SRX160146	/data/MiegNCBI/ncbi_remap/prealn-wf/output/samples/SRX160146/SRR522008/SRR522008_1.fastq.gz
ERR111423	input	s2cell	1	ERX088857	/data/MiegNCBI/ncbi_remap/prealn-wf/output/samples/ERX088857/ERR111423/ERR111423_1.fastq.gz
ERR111424	MBD-R2	s2cell	1	ERX088858	/data/MiegNCBI/ncbi_remap/prealn-wf/output/samples/ERX088858/ERR111424/ERR111424_1.fastq.gz
ERR111425	NSL3	s2cell	1	ERX088859	/data/MiegNCBI/ncbi_remap/prealn-wf/output/samples/ERX088859/ERR111425/ERR111425_1.fastq.gz
ERR111440	Rbp3	s2cell	1	ERX088868	/data/MiegNCBI/ncbi_remap/prealn-wf/output/samples/ERX088868/ERR111440/ERR111440_1.fastq.gz
ERR111438	Rbp3	s2cell	1	ERX088869	/data/MiegNCBI/ncbi_remap/prealn-wf/output/samples/ERX088869/ERR111438/ERR111438_1.fastq.gz
ERR111434	input	s2cell	1	ERX088870	/data/MiegNCBI/ncbi_remap/prealn-wf/output/samples/ERX088870/ERR111434/ERR111434_1.fastq.gz
ERR111436	input	s2cell	1	ERX088871	/data/MiegNCBI/ncbi_remap/prealn-wf/output/samples/ERX088871/ERR111436/ERR111436_1.fastq.gz
ERR111441	Rbp3	s2cell	1	ERX088873	/data/MiegNCBI/ncbi_remap/prealn-wf/output/samples/ERX088873/ERR111441/ERR111441_1.fastq.gz
ERR111435	input	s2cell	1	ERX088875	/data/MiegNCBI/ncbi_remap/prealn-wf/output/samples/ERX088875/ERR111435/ERR111435_1.fastq.gz
ERR126230	input	s2cell	1	ERX102366	/data/MiegNCBI/ncbi_remap/prealn-wf/output/samples/ERX102366/ERR126230/ERR126230_1.fastq.gz
ERR126231	PolIIRpb3	s2cell	1	ERX102367	/data/MiegNCBI/ncbi_remap/prealn-wf/output/samples/ERX102367/ERR126231/ERR126231_1.fastq.gz
ERR126232	PolIIRpb3	s2cell	1	ERX102369	/data/MiegNCBI/ncbi_remap/prealn-wf/output/samples/ERX102369/ERR126232/ERR126232_1.fastq.gz
ERR126229	input	s2cell	1	ERX102381	/data/MiegNCBI/ncbi_remap/prealn-wf/output/samples/ERX102381/ERR126229/ERR126229_1.fastq.gz
ERR1331729	input	s2cell	1	ERX1403349	/data/MiegNCBI/ncbi_remap/prealn-wf/output/samples/ERX1403349/ERR1331729/ERR1331729_1.fastq.gz
ERR1331730	ratmonoclonalantidMi-24D8	s2cell	1	ERX1403350	/data/MiegNCBI/ncbi_remap/prealn-wf/output/samples/ERX1403350/ERR1331730/ERR1331730_1.fastq.gz
ERR1331731	ratmonoclonalantidMi-24D8	s2cell	1	ERX1403351	/data/MiegNCBI/ncbi_remap/prealn-wf/output/samples/ERX1403351/ERR1331731/ERR1331731_1.fastq.gz
ERR1331728	input	s2cell	1	ERX1403348	/data/MiegNCBI/ncbi_remap/prealn-wf/output/samples/ERX1403348/ERR1331728/ERR1331728_1.fastq.gz
ERR268501	V5-tagR960-25ab	s2cell	1	ERX242704	/data/MiegNCBI/ncbi_remap/prealn-wf/output/samples/ERX242704/ERR268501/ERR268501_1.fastq.gz
ERR268477	V5-tagR960-25ab	s2cell	1	ERX242706	/home/bergeric/data/s2cell-prior/output/chip/fastq_dump/ERR268477_1.fastq.gz
ERR268497	input	s2cell	1	ERX242707	/data/MiegNCBI/ncbi_remap/prealn-wf/output/samples/ERX242707/ERR268497/ERR268497_1.fastq.gz
ERR268485	sc-28207abmycab	s2cell	1	ERX242709	/data/MiegNCBI/ncbi_remap/prealn-wf/output/samples/ERX242709/ERR268485/ERR268485_1.fastq.gz
ERR268478	input	s2cell	1	ERX242710	/home/bergeric/data/s2cell-prior/output/chip/fastq_dump/ERR268478_1.fastq.gz
ERR268481	V5-tagR960-25ab	s2cell	1	ERX242711	/data/MiegNCBI/ncbi_remap/prealn-wf/output/samples/ERX242711/ERR268481/ERR268481_1.fastq.gz
ERR268486	V5-tagR960-25ab	s2cell	1	ERX242712	/data/MiegNCBI/ncbi_remap/prealn-wf/output/samples/ERX242712/ERR268486/ERR268486_1.fastq.gz
ERR268488	sc-28209abmaxab	s2cell	1	ERX242713	/data/MiegNCBI/ncbi_remap/prealn-wf/output/samples/ERX242713/ERR268488/ERR268488_1.fastq.gz
ERR268502	input	s2cell	1	ERX242715	/data/MiegNCBI/ncbi_remap/prealn-wf/output/samples/ERX242715/ERR268502/ERR268502_1.fastq.gz
ERR268498	input	s2cell	1	ERX242716	/data/MiegNCBI/ncbi_remap/prealn-wf/output/samples/ERX242716/ERR268498/ERR268498_1.fastq.gz
ERR268496	input	s2cell	1	ERX242717	/data/MiegNCBI/ncbi_remap/prealn-wf/output/samples/ERX242717/ERR268496/ERR268496_1.fastq.gz
ERR268500	V5-tagR960-25ab	s2cell	1	ERX242718	/home/bergeric/data/s2cell-prior/output/chip/fastq_dump/ERR268500_1.fastq.gz
ERR268491	input	s2cell	1	ERX242722	/home/bergeric/data/s2cell-prior/output/chip/fastq_dump/ERR268491_1.fastq.gz
ERR268480	input	s2cell	1	ERX242723	/data/MiegNCBI/ncbi_remap/prealn-wf/output/samples/ERX242723/ERR268480/ERR268480_1.fastq.gz
ERR268499	V5-tagR960-25ab	s2cell	1	ERX242724	/data/MiegNCBI/ncbi_remap/prealn-wf/output/samples/ERX242724/ERR268499/ERR268499_1.fastq.gz
ERR268492	input	s2cell	1	ERX242726	/data/MiegNCBI/ncbi_remap/prealn-wf/output/samples/ERX242726/ERR268492/ERR268492_1.fastq.gz
ERR268494	sc-15832abmycab	s2cell	1	ERX242727	/data/MiegNCBI/ncbi_remap/prealn-wf/output/samples/ERX242727/ERR268494/ERR268494_1.fastq.gz
ERR268483	V5-tagR960-25ab	s2cell	1	ERX242728	/data/MiegNCBI/ncbi_remap/prealn-wf/output/samples/ERX242728/ERR268483/ERR268483_1.fastq.gz
ERR268479	input	s2cell	1	ERX242729	/data/MiegNCBI/ncbi_remap/prealn-wf/output/samples/ERX242729/ERR268479/ERR268479_1.fastq.gz
ERR296107	input	s2cell	1	ERX269440	/data/MiegNCBI/ncbi_remap/prealn-wf/output/samples/ERX269440/ERR296107/ERR296107_1.fastq.gz
ERR435831	input	s2cell	1	ERX402102	/data/MiegNCBI/ncbi_remap/prealn-wf/output/samples/ERX402102/ERR435831/ERR435831_1.fastq.gz
ERR435843	mutGFP	s2cell	1	ERX402108	/data/MiegNCBI/ncbi_remap/prealn-wf/output/samples/ERX402108/ERR435843/ERR435843_1.fastq.gz
ERR435832	groGFP	s2cell	1	ERX402112	/data/MiegNCBI/ncbi_remap/prealn-wf/output/samples/ERX402112/ERR435832/ERR435832_1.fastq.gz
ERR435842	input	s2cell	1	ERX402113	/data/MiegNCBI/ncbi_remap/prealn-wf/output/samples/ERX402113/ERR435842/ERR435842_1.fastq.gz
ERR435839	groGFP	s2cell	1	ERX402114	/data/MiegNCBI/ncbi_remap/prealn-wf/output/samples/ERX402114/ERR435839/ERR435839_1.fastq.gz
ERR435856	mutGFP	s2cell	1	ERX402133	/data/MiegNCBI/ncbi_remap/prealn-wf/output/samples/ERX402133/ERR435856/ERR435856_1.fastq.gz
ERR435837	gro	s2cell	1	ERX402137	/data/MiegNCBI/ncbi_remap/prealn-wf/output/samples/ERX402137/ERR435837/ERR435837_1.fastq.gz
ERR435849	gro	s2cell	1	ERX402138	/data/MiegNCBI/ncbi_remap/prealn-wf/output/samples/ERX402138/ERR435849/ERR435849_1.fastq.gz
SRR580345	input	s2cell	1	SRX191915	/data/MiegNCBI/ncbi_remap/prealn-wf/output/samples/SRX191915/SRR580345/SRR580345_1.fastq.gz
SRR580346	input	s2cell	1	SRX191916	/data/MiegNCBI/ncbi_remap/prealn-wf/output/samples/SRX191916/SRR580346/SRR580346_1.fastq.gz
SRR585046	input	s2cell	1	SRX193313	/data/MiegNCBI/ncbi_remap/prealn-wf/output/samples/SRX193313/SRR585046/SRR585046_1.fastq.gz
SRR585045	input	s2cell	1	SRX193312	/data/MiegNCBI/ncbi_remap/prealn-wf/output/samples/SRX193312/SRR585045/SRR585045_1.fastq.gz
SRR4069192	input	s2cell	1	SRX2055960	/data/MiegNCBI/ncbi_remap/prealn-wf/output/samples/SRX2055960/SRR4069192/SRR4069192_1.fastq.gz
SRR4069195	input	s2cell	1	SRX2055963	/data/MiegNCBI/ncbi_remap/prealn-wf/output/samples/SRX2055963/SRR4069195/SRR4069195_1.fastq.gz
SRR121523	input	s2cell	1	SRX046652	/data/MiegNCBI/ncbi_remap/prealn-wf/output/samples/SRX046652/SRR121523/SRR121523_1.fastq.gz
SRR121519	input	s2cell	1	SRX046652	/data/MiegNCBI/ncbi_remap/prealn-wf/output/samples/SRX046652/SRR121519/SRR121519_1.fastq.gz
SRR121517	input	s2cell	1	SRX046652	/data/MiegNCBI/ncbi_remap/prealn-wf/output/samples/SRX046652/SRR121517/SRR121517_1.fastq.gz
SRR121522	input	s2cell	1	SRX046652	/data/MiegNCBI/ncbi_remap/prealn-wf/output/samples/SRX046652/SRR121522/SRR121522_1.fastq.gz
SRR121518	input	s2cell	1	SRX046652	/data/MiegNCBI/ncbi_remap/prealn-wf/output/samples/SRX046652/SRR121518/SRR121518_1.fastq.gz
SRR121520	input	s2cell	1	SRX046652	/data/MiegNCBI/ncbi_remap/prealn-wf/output/samples/SRX046652/SRR121520/SRR121520_1.fastq.gz
SRR121521	input	s2cell	1	SRX046652	/data/MiegNCBI/ncbi_remap/prealn-wf/output/samples/SRX046652/SRR121521/SRR121521_1.fastq.gz
SRR121524	input	s2cell	1	SRX046656	/data/MiegNCBI/ncbi_remap/prealn-wf/output/samples/SRX046656/SRR121524/SRR121524_1.fastq.gz
